customer_id,name,age,email,salary,department,join_date,is_active,performance_score
2ohuswkkx9xcv,8wib4b5rmejy,76,9wp47aroqjtfh75dtxxzy,47209,Engineering,2020-02-02 07:22:07,False,9.455221877676882
bx3bu6lvy01po,3gfcmczxfl9,61,jlaypesdfzinioth5us24fd,86781,Sales,2020-01-31 15:31:57,True,3.7714016494538916
cguirdynizbt1,k7zru9v33h7,22,2caou4gqsc382n813zg4e8n,49220,Engineering,2020-04-04 19:26:50,True,9.333348675917
gh8nq9dbfd2rz,itysekohsw,73,90x2vhoedkr3ofpi70m90ie,80013,Engineering,2020-01-25 22:41:25,True,9.651520994470344
7j9n4ohnwuprx,5z0s26ss6pwg,48,v4c3u8f15y58vx354w6y9x4,75787,Marketing,2020-01-23 08:41:48,True,2.60374349472835
zy2oaygixahxk,5lhe1ezevom,47,mjwr5691pprhpkfal1qa5h,74553,Engineering,2020-01-12 03:49:51,False,9.743755991668058
qh886e1gihl76,w6r3zpm6za,53,xjj9yjsopb2d24qj0o4uz9,100526,Sales,2020-03-15 21:22:01,True,2.088975514308394
wx8v08a8ncaez,bfxr0h1jq2,28,cnm0aq7nqc7yb7z4i3tu2,119879,Marketing,2020-01-03 22:09:32,True,3.233129805194716
n0ioozm55d3wo,fnvfzl8nvwg,47,yyizplxztiw24stw03u8gvj,85244,HR,2020-02-24 08:53:59,True,5.176166418448847
29m5gv1bf11t3,ymujiobym77,69,wo37mdrw67798q1n7km6b72,45779,Marketing,2020-03-16 12:51:51,True,9.908237126784119
k1y6a0mcfh0i6,cfscrileck3d,20,dlz1ctjr040afk7tuurus,79055,Engineering,2020-02-19 07:20:12,True,5.558521526767442
xo55xlbcqbb1w,a012rlmbpx,35,r2ym0sasaquvo5d5da6gi,61189,Marketing,2020-03-08 20:00:12,True,6.091186750487557
56asbz5f5dkqx,v9k28o4pj5bx,19,prfbidwhyp8qr0oqepo7s,124415,Engineering,2020-01-26 20:41:27,True,7.331550972385172
e7fvkp6ifp2ct,b4z2cnyaczri,44,jezvwmit1x6t3iq9nsgc65k,92535,HR,2020-03-04 22:56:16,True,9.690302695823608
9szcst5g6rak1,wuau0f91qcl,63,bzdqq13wx2d2s0298fwhbm,85402,Marketing,2020-01-10 05:40:53,True,8.0974489684035
yw438gpzbale5,lbvw3eiuke80,67,u4909wumzgvw3rrj3zgge,91466,Marketing,2020-01-01 11:46:09,True,3.2812422958879344
i8spctx6xkh9t,bx46314kwb,76,rmyhj5qooto8f3h45ormx,74583,Engineering,2020-01-07 21:48:00,True,3.9602421144139037
8y8y2rrb8p96d,08bueu2tty,56,1kfyayb5m65x0dxw27u3zt,106250,Sales,2020-03-08 18:07:21,True,2.1915121980133345
6nuthgcq6lvv3,5zfc6aemsly,34,ywa6oq7qdmdgiw66tda70ux,61514,Marketing,2020-02-04 19:39:34,True,6.9011514374465035
h007u3616esd8,8l3e7vmct4,74,8yiqumcdd1gzkxjmsslv3l2,99084,Marketing,2020-03-05 02:15:00,True,2.9073325762837285
q132f8x2486u5,x6hxtplmy5,66,kr0lw7wyd33mnhxr8yq5x,114592,Engineering,2020-01-18 10:46:28,True,3.5676226168393987
w6cry4cx5vwb0,xiwm5o9evpj,53,m0e9z4jzvl506tmnvr2p87c,55550,HR,2020-01-22 07:10:51,True,8.999736203123236
bzq6i2z8yxmg9,rgdzep8zr2w,61,ej254bl0e0w6dux4xjb4yd,83810,Engineering,2020-03-03 17:21:25,True,4.16492103945723
tahpnlwo17b5w,no6yuqwqn2,74,kqbfiet2ui1h4t0hu1wfcei,85747,Sales,2020-02-19 05:36:28,False,6.231033741274447
vyvvfo6hedf53,smrw6ri65qs,62,deko7mgf3vy1tceaozc7e4m,49155,Marketing,2020-03-24 00:06:58,True,4.774790118071579
8pm3sqs1zzwil,f87tydjjxuk0,41,avozriaiwbnrp2kfcnb54kv,41929,Engineering,2020-04-06 21:45:55,True,1.988278421312943
aa75yapev2clz,3pgp8pl8u9q,62,46xao00lc35wbg755nc59qc,53045,Engineering,2020-02-11 04:57:34,True,4.4759102112305005
pv2n1e3elpzzu,fx0tybi1ct,21,jrcjik69z0vzve8b8irlc,74246,Marketing,2020-02-13 18:14:03,True,4.865242502857642
963wje974js5a,6af7ozng4x4,42,g6frvi8wlximqgqxb81s6u,85803,Sales,2020-04-01 01:43:26,True,9.065084704126354
edpxpb150txl8,5qn9x0y5rr,43,jif8rseykjq9z45urranh,66454,Engineering,2020-02-22 09:13:11,True,4.145068549248586
66lca6j2ml4b8,zi8htvs318,29,o79aua5t93gvjh0jnkfu6s,122903,Marketing,2020-03-17 00:36:32,True,4.61696310835365
wqzh2zjz7gdk2,k493wslo4o2z,20,xr8sx7vdjbh61ja7ciejlru,100707,Marketing,2020-02-28 17:32:56,True,8.093533358193117
9yu9jix889r5x,todvwzk1bh2,27,aceyhqi5fugg0hi1obgrv,86633,Sales,2020-03-02 10:27:43,False,7.887343997617215
w5lmwy83qtyvm,rnj8i8klcn1k,58,j6gcn9mppeyzmzahduvcsa,64961,Engineering,2020-01-02 16:27:42,True,8.226070160697311
s9lslig1n4spe,yujosvu5wmed,67,w6wegfvmldh4zh62e1qwi,77238,Engineering,2020-02-04 07:32:38,True,9.565221830923935
8lyu9wpn4e8w2,hi8ur6hq47f,78,54g3cijza3oyfracqhqyl2,102557,Marketing,2020-03-02 04:51:22,True,8.202576589504645
krlijqgmi0be2,ncl9lbbow2q,40,9y2kdnqbh9jg9pnpyd2fa,98102,Sales,2020-02-02 21:53:16,True,4.86128065645057
shavqgyd9f4s0,31n3q5fxf0rx,55,acaau356v3dwylqoj82laaj,97836,Sales,2020-02-21 06:59:29,False,8.426085263606439
jzscm1t1hacm1,x7okvxarl1,75,bhvvzziu4fn6gxikwbo891,68072,Marketing,2020-03-06 06:54:00,True,5.731736800995164
y6f5upuk98str,wu7kv821rnr1,29,djf38j5czoq0rslxex03o70,62692,Sales,2020-01-24 19:11:37,True,3.7425394454704324
no4acpwklj5ph,hd09e673hz7,62,5dehvgv3poecwjeworyh4,40496,Engineering,2020-01-24 22:37:51,True,3.959605957613698
lx1h19zh1190q,11ndryg1ec4t,64,bvhw5hd3swr2w6r6g1a7s,88495,HR,2020-01-09 16:49:50,False,3.278558437920821
i6tm12m8freyb,kcwgwg7siryn,24,mxewsa6651lik6s7g4bs5jh,38259,Sales,2020-03-24 00:44:49,True,2.5994509216995576
j3e6ar5kuzyv0,sop0jds1un,71,3kttiho7x60ue8udp4z8f6,75144,Sales,2020-01-05 16:48:58,False,2.93963115702973
m678auf1qe4ec,js3vcrkblf,68,p7ofbx1aa19thazyjlglq,65211,HR,2020-03-24 10:30:44,True,1.8948026021530775
wjjsquniamda5,23bib26j7h6f,21,n7q8a9oseselsl9lr76r2,80983,HR,2020-02-12 10:52:11,True,9.002640493933871
714hz7clae33q,s50a65eqh7iw,24,eyx26j6wkxxgutjy9ofbl,104127,Sales,2020-04-05 08:16:23,False,9.369171244403216
wounbk77r3o07,gotycx7vkh8h,22,dwmq4pz1altb9ov5t96oc2,108743,Engineering,2020-04-07 19:00:39,True,6.404353170893519
6xo3qe2djqjqt,0175oq6p2i6,39,0e4v8gfzasg9ltwy324rsda,92761,HR,2020-02-07 16:33:09,False,8.589563510837754
xe7fbmkwp4kph,2muuejfmat,50,ohoovrpb9tpc3b8zebt77,56769,Marketing,2020-01-26 21:37:57,True,2.9317134107390457
ddyc5c025suer,hjickljyyk,51,tytynlebp3x3knwpud6nse,74976,Sales,2020-03-10 17:18:52,False,9.116526055796106
1vufaelz7nz0i,9znad3l8m4w,35,r43u3dej0p3m9uotte5f3zm,54082,Sales,2020-03-21 19:20:03,True,5.711814971782847
zv3qz9ah8ovnz,v2k62lgzi7m9,74,eymx4thiutozkk03s7wac,59470,Sales,2020-04-07 02:19:38,True,1.929140994910023
1wnxbzngcwr8o,xqbm4210o4,41,1n3eonnhhs542km0szi15c5,87363,Marketing,2020-02-16 17:46:26,False,2.567754300593521
y1jqvzyqmtydj,6tliwh5n0ymu,22,hncxm2h4zrrgp6cd9diqq,51617,Sales,2020-04-08 00:52:24,True,4.011793767436594
cr9v7hsfz7f6v,4em1y8g5cv,37,tnv0cx3hvyj2auxizit89,64373,Marketing,2020-01-21 09:17:08,True,1.7258171288167117
uffd3k34xic49,hq06ql0hw2t,51,9ivaeish5mt93j4y2xuibd,49271,Marketing,2020-02-18 23:53:45,True,4.014523284584767
x4fbt1kdof3bo,psh29z4lqo,43,nmuxrz564r8ly4j7ch52v,91679,Marketing,2020-03-20 00:07:25,True,1.8668318104605353
khzefzdst6tla,l5yro5f87e,35,2q47dbl8fhu8ogofqdv5v0,66676,Marketing,2020-03-30 10:22:54,False,3.3835062114403534
znk9mc6fjewjb,phy5zv4jl1f,27,ov1i79ioth1spkh6jr8c01,21134,Marketing,2020-03-28 15:57:57,True,3.6388055474377468
mbtaiqikox834,tewi2pvhtn7k,68,fngjo42q2ozlyed4cczqjb,115614,Sales,2020-02-26 18:24:25,True,9.914882787894438
enki7l88av2hk,647gwgyct73,79,x8w5w7sbbou8e0xgf6q3hgf,100393,Engineering,2020-01-06 02:39:35,True,3.379364087074333
n38uesnzdyyrh,j8tr09w5jk,39,o4y68ee9qn2h7a292e5xs,26068,Marketing,2020-03-29 15:01:35,True,3.4107124259948414
n56wo6yq6bnff,f79qluscrsf,42,gq7gqc2v2e3wuzutwduua,93557,Sales,2020-02-19 08:18:15,True,7.265784458230947
cgho263092606,ljga9uxygq2,56,qns7ffeg6mam0gcy6qnwx20,112892,Engineering,2020-01-07 06:10:35,True,8.752067506899554
dvbjej6m49xo2,g6gxkil8d91,62,w49qc9eofj5wqtovfdws4c,70948,Engineering,2020-03-09 03:42:07,True,4.684265369784857
he2dlb0499z0e,mwsxp6l7gk,43,nr0josidohag4rl36g1cf4o,79181,Engineering,2020-01-01 06:07:33,True,8.89211488320758
tkjfhwzlzmry6,2m4bok7dk2bp,73,30qrvz0xhu2uc400i66z14a,67703,Marketing,2020-03-13 02:06:52,False,4.280213790474296
l9deh14i2nvkw,mqusghmbkxfz,53,o7pdh7yo1ibqji4bxsqj1,88279,Marketing,2020-02-13 03:45:04,True,3.0475094158923457
auz9waouiijz8,sf2bsdf13giy,46,1acojuownojieyzhvylijj,100879,Engineering,2020-03-06 09:00:00,True,4.189752774257409
yzkbgr070qxyg,afrj1k6amt,58,z804sfo2enbwsxt0xqy41,46294,Marketing,2020-02-25 19:50:08,True,6.5988797465259665
fx62vz1ugqttv,crn40q29zq,76,1veh1lyo7mhm9f5ugzowop,58195,Engineering,2020-01-29 14:54:03,False,4.512766847263956
1ga5m3ws53223,ybved9fumyz,67,rtbw3cav2n1u5faudc347,78019,Marketing,2020-03-03 04:01:11,True,7.146109395606051
psranb13dah2c,t6n9quppt21h,21,twyowbo8jn0n86a7sxd9m5i,83137,Sales,2020-04-06 10:19:43,True,3.3913289166943166
5jjs76w15g2ha,ys6bovjrv0m6,39,pctjvckyhio5cd3musvt4jr,85523,Marketing,2020-04-06 12:31:27,True,7.38811879298424
cxwhc61h785xn,zm0nxc38nl,47,trkvr7wajai4gq8r6dwki3h,70800,Sales,2020-01-15 23:10:41,True,4.343055094291264
5pdun4rgjg6wu,quwtk7jjf9,38,laoyrzcvzs9uzm9xzuroo,53878,Engineering,2020-03-29 22:35:04,True,5.276931635469836
ss92rbaetkbcw,w0fafvxyozhx,61,41h2uqx947bc3hglsz1onn,99703,Marketing,2020-03-21 09:09:00,True,6.15436700558897
lte3i78vxqj3w,f8a9lklgk94,69,2fw1nntm08bx2cdbto5a8gm,45545,Engineering,2020-01-26 14:17:44,True,7.260927188066206
5qqnibyivdz27,mrxi4jboc4,63,an2cxajm9in9jw8g8boiq,63444,HR,2020-02-01 04:25:22,True,3.4066407048671956
wkfru97qylwvu,cko1jgorrxb,78,rorxwlwuzh37be46dfwshm,75961,Sales,2020-03-18 01:59:02,False,8.550427177676859
04f07lgjqzu1b,zg3eka7asbu,35,fg0o7wxo8dq4j0ffodgz4,87430,Sales,2020-01-30 20:39:12,True,7.567692616527954
a9z2ukk987xve,wuxdlvtra3,71,1mr3kmx2e8smenvize2vc1,68362,Sales,2020-01-28 12:13:27,False,3.366886378312346
69ts8q7izbiiq,6xn9ekx4mpx,65,nnkifaypo7qccqagzs3nmt,94005,Engineering,2020-03-20 12:25:32,True,9.747844268585661
ayy8c37lsqjlp,xzbpak82q1,41,0yiljf7sfboqp1uhjjji1x,106219,Sales,2020-01-03 18:11:14,True,7.07637386947833
xsh4uqwpfhyry,cjnl3555za,63,6dclrwtf7b3i07xq29l4isq,60240,HR,2020-01-26 04:05:19,True,5.247291111749427
lozz5jpgqwzuv,bq3g0iv7ai,25,epq0ghhw5rlo14ihsh7d4c,85133,Engineering,2020-01-17 16:49:30,False,2.707405833469999
gnogihw2r438r,s9divrlifs,66,s2jl33rx5ixzcwkj9m2mzte,81565,Marketing,2020-02-08 17:05:42,True,5.943147642568909
qn4x87czwod2v,gpepasqzvh6,51,nhmxoav7cznhpujyvdd3b2,67156,Sales,2020-02-29 16:48:42,False,2.7698356112917004
ymr6pb873mmr5,3trjxddmymr,37,9uuudazbirkyz98c8vhogsq,28745,Sales,2020-01-14 02:48:23,True,5.04975674992798
5822pj3ytea3c,xb6si18jau,58,2m2fe7kiihcms75p9rn3b,84216,Engineering,2020-03-05 23:56:20,True,4.870791843536824
n3dryaoioxdlf,o8evwgwy0f,57,0q4otegrk50z1btdmx29b,86912,Sales,2020-01-06 12:45:00,False,7.551301715865826
xkm7ygdht2j7z,7i6f472n99oh,32,rhoqwbf207rjqm0b74wg6ll,102206,HR,2020-03-17 05:05:46,False,3.0076093142950833
cfeewi8t8rqxc,9u1dpvlp2rj,21,ijqjlo4o1d9a7q6uz9e6afb,67302,Engineering,2020-02-25 09:40:52,True,8.429210282926729
58myidn7kc12i,rauaodtjw76,45,ezmlebd0jmbzojvyomhuu,59154,Sales,2020-02-11 23:32:44,True,4.159552319321589
cy7lioyek7xoh,jtamaepo14w,53,60v3i8re0f5hurnoz515mo,53080,Sales,2020-02-07 09:26:34,True,5.174614804579868
ezrfm1emq52c7,q7mnk1584q,72,fk5t6h8e8nuxqr7lpdy71k,12531,Sales,2020-01-27 19:32:02,True,8.002619341708321
0m6fxsp16my90,ijhumef34qkt,75,4yjxay19rfbch4sfnca3s,65592,Sales,2020-03-18 09:11:13,True,6.736993434076514
ge4wj534r9bnm,bad9ycivwl,51,siggidylfruocbd5b2b70r,141400,Sales,2020-02-27 07:14:17,True,4.00360213873001
2lb5m0q47x8fs,7j3vfb3b5pl,64,0tuw3y407hsz1d4pjji99ss,106713,Engineering,2020-01-22 05:02:52,True,4.676923134831503
3gj571o32vdt5,hmohjesktt,45,my9y13eqruvfpba3wascbq,51176,Marketing,2020-01-06 10:21:43,True,3.9843222550408126
9d0qlvqjavzrn,rj7z3i4dfn,64,6ov05s11jtyunvzkgqrgtk,62894,Marketing,2020-01-24 13:32:16,False,6.473252935066239
2l98lg2k6fo5k,qsf2kp3ykgz,31,p0kpwlcbx27trnrbat7k0w,62738,Engineering,2020-01-10 21:30:56,True,4.2154678278974105
wz772dq8mo22k,ys4z9wmybbp,41,cl34watfk8d2j2ahqs6o4u,109845,Sales,2020-01-01 11:30:56,True,7.600894151635782
5bntvk0cq12up,1m8m4u57hb,57,b8pul1l6tu9vzgghzxxlhic,130115,Marketing,2020-03-16 22:51:04,False,6.344208581500786
tfsecao78yxlr,51ajd8jknlq,20,u4xdtpjz2ek2ofot7bps7n,77728,HR,2020-01-30 10:21:42,True,2.6055974181517048
op0hyq2ho0gc2,bkc2rtn74r3y,62,jix922w04gdnj7zwihngg,81995,HR,2020-01-26 12:03:01,True,4.022922752504073
xctoy3ngqt9iv,sh1h4ccvq9qn,69,cnqvz1nizbkq7srmewx2h,88295,Marketing,2020-02-26 06:06:18,True,3.257931449776115
bxhkmqhur3r45,i3ul5kt8khd0,43,oa1n74fe4ooe16kfwbowvi,75135,Engineering,2020-02-25 23:12:08,True,4.712323865719659
ky6hkvxql5opv,30utdkmidli,46,3p3iahr0r5599u54pnxy8qd,82444,HR,2020-03-25 10:00:46,True,5.794691031420929
1t6j56b66m36m,zm1sxsmm1b,70,o3xb7w4m6g5gmx15r77a4ap,76706,Marketing,2020-02-26 17:12:47,True,5.715271233295866
zvbzo7kcfifi4,vmi6nto56qx,66,o6w7qyf4e3elgmdcla0mqh,87254,Sales,2020-03-17 20:46:04,True,7.849164059290551
5lhh1tgktpdfv,mpbq5hcltpn,36,q788xr6wy0auj4ytbo1mnb7,26401,Sales,2020-03-03 02:17:44,True,2.979951157300503
zcnkrlwlmys9h,63lor1wn36og,38,yoli4n2hcbps3p41djr539i,63758,Sales,2020-01-05 00:56:41,False,9.50236701997998
25rfrsv5c1j82,k24yxsbvt6hy,60,p1ub81946wqaw0y5sxcl8,46483,Sales,2020-02-03 04:15:48,True,4.3034946955304205
o6gl3u4xtd1tx,i7weyhpoavc,53,q5gsgeugwkju6t68790se2j,92459,Engineering,2020-01-30 14:22:39,True,3.936625334102882
5979bo79flcru,n9rrcja00ke,29,m2elmvomaakv8f14heqijtn,56245,Engineering,2020-03-01 02:02:55,True,7.251914629828552
o68zh93wnnben,s2o8l3tcizbw,38,z20yp97p6cwkr2ex22zcby,37121,Engineering,2020-03-05 17:44:49,True,8.288351720282513
ytbfqy1b8eal9,upim10q9arim,73,bsa08edqu4vk7oj5414fnwp,31636,Sales,2020-01-31 19:13:54,True,4.610336874997458
w4kjcnpj2jl3a,od6x9j9tklr3,60,b7y9prm07kam3ernm5ghg,86552,Engineering,2020-02-12 19:34:13,True,7.7830468311222525
ethlat1l1oftn,tyluykiy85,78,p4062h6suuywk6tyzl56j,52732,Marketing,2020-02-07 17:24:30,True,8.96203233770892
bitz2a8fe6nlt,naqyhee8sw,65,f0eer18v7drzv6n4jxuh547,72133,Engineering,2020-03-23 16:13:02,True,7.954928076967992
x7y24wtwphuah,3p6bnazypo,76,ygsghnamc1o9cdezyjhlc0w,114369,HR,2020-01-31 00:10:50,True,1.645192706194218
25ev7azj3rqzh,pn2xosh7b0j,32,6nw4ml8ruaiwnkg4xz37ee,84731,Marketing,2020-03-28 06:11:51,True,8.476559159153574
l0hyd6as4pnez,wh1wdn2ad56z,65,s1zw3c16cesaie76y2yic,63006,Marketing,2020-04-07 05:53:45,False,8.021050400228658
1bfi6ymim4kd7,w5ombsxxkv,20,dtwh66gveouyqgsgxka5bou,46685,Marketing,2020-01-23 22:04:45,True,7.115072917328207
dsf7rmwskaxgy,j0i1aq4j2rfl,59,qi8tsrt3axxs3z2mdq6e1x,86198,Engineering,2020-04-07 17:34:11,True,7.896523150447111
uoalgous2y658,njto4gjj13,47,klmhai1bnmbdljcdfwecj,72356,Sales,2020-01-03 11:46:29,True,9.786178017742426
zk8hnjbicuzhb,couldi1wvx,40,snu1u9xqvsjkb6489w9zyqo,89723,Engineering,2020-03-12 22:14:07,True,5.063719758775583
f12zyle7o9owf,z36pvrgzhf3w,71,dvqvqnnqh7z3vp3px98fd,17029,HR,2020-04-07 01:40:15,True,1.9296426195460448
uwpoy9kodumvs,i4gimc86u47,70,fz0kpsoz4sxiwdjiso7su7,103438,Engineering,2020-03-26 11:59:11,True,5.320181218004398
7nd0218hp93rb,8o5fu65s61,20,qrqbajel94izopmy3gd3j3g,33491,Sales,2020-04-04 10:42:12,True,1.750587937634792
mdzy3kg4jm4g9,u7onsofit7zr,56,x9t5zz988l69n6xo4qlvwzn,63643,Marketing,2020-04-03 11:45:04,False,3.8849625021071357
tdgamvuv1izio,i5fn1xmlsu,41,dmr1scstykq8nsc7v0u40b,109635,HR,2020-03-19 22:01:54,False,6.405295395690112
jxhxpz0dxs9jy,sxz1r92qd2dj,44,is9jgdolfi8hgdmsgjy8y2,20711,Marketing,2020-01-15 09:03:05,True,4.017361301918605
rs9j6e876uqvo,4cbyfzh80y,69,lfjbygwk9wg0mq5zvmlga6n,73394,Marketing,2020-01-16 14:37:48,False,7.253780726794825
81g5kjinmyb8g,acdohszjns3,38,qdax77xoqmgi8wwzan5jaec,68781,Sales,2020-01-02 07:33:32,True,8.430200510782612
urckxsdz5969c,4gs4x7wf90,76,0vrpbmphhj64liir35wkt,74818,Sales,2020-01-06 03:08:38,True,4.971790170618764
ih6fdmbe05uhh,eqg0omkzv1x2,30,9zjxm729g3qmx40uaocfn6h,84265,Engineering,2020-03-10 11:33:43,True,9.10329801441777
ccvfbwbq87w3h,drp62ji41c,59,onts69xj799porgv5sa8el,75894,Marketing,2020-01-20 18:19:02,True,2.0382979917402877
v9em24p3plqpl,nyobxng9x03,59,si95845535bktisgexgki,42640,Sales,2020-01-07 23:55:02,False,8.586321751054959
htcp3w1eta3ut,ozad2avkjq9z,34,3cvt5ggty8xmdlqaqbfkr,77912,Engineering,2020-03-03 01:36:46,False,8.486930881595022
fvrh56pl7n96w,mikkfafmv4,38,1pl2wupzvjgiyomzuw1lx,75075,HR,2020-02-21 23:04:33,False,4.123909203575197
bub0iakcwzdrf,0ne957gjq3u,69,bln3s4ydm9cpzso5uaf0w,74046,Sales,2020-02-19 03:04:37,True,3.9234163624980503
8vovlr83x3nfc,aa6yzm163h,65,4lubeitrvh7ig3r0pue2vns,126715,Marketing,2020-04-07 01:08:27,True,3.9783636973881897
pgniou8b0b8rn,alexfyaya5,39,xfc7boo5uq75w86yu7s0iee,108345,Marketing,2020-01-02 16:34:43,True,8.33896935506112
trjyby694napc,cs2biq9qltc,51,zs39pgru4ac4yhagghsqk,120363,Marketing,2020-01-11 05:38:35,True,8.513460984616184
8fym7hu7dyodl,dqo6pktxp37a,23,kbd16kceuvkvmcm1kkuugqn,83968,Engineering,2020-04-05 22:26:30,True,4.190473094201279
551m4ntr2f52b,vlqy1o30vj,32,6kma7im3gnf7p9fhxcd5a7i,119337,Engineering,2020-03-02 08:32:26,True,6.454478772482815
ws4es7jybk4oi,40l4558ujp,48,ljjwfxxu437rl8gyfapd21v,54518,Marketing,2020-03-03 01:05:27,True,2.5472602203865637
wsi8ui1gpp6dd,d0y4kt9qk38v,24,h56m0rrmvnkv9q5n2fdkj1k,66708,Marketing,2020-03-25 13:54:21,True,5.388124918239954
q298g01vngveb,08dppuz9sq,70,ohtua2x386tpi4q4wf3gk7l,61287,Sales,2020-02-29 19:44:20,True,9.952984349158632
0uoujweamuzur,zv1a9bquim,62,0lmhp2824mlb6h51owxmu,63355,Sales,2020-01-02 23:50:36,True,2.718704181162086
59q8kuzd7r822,ppbhmqxc3msg,76,lmw1nqx7vjhugzmp34e5pi,76538,Engineering,2020-02-08 19:32:23,False,9.511753246427753
umqiab26ju1k7,svrwbk46np,61,nptozia8tfj6p9fs4br1da,80530,HR,2020-01-11 22:50:19,True,8.449737539652553
hvhoqwxse5awh,6g4n1psqzfiq,75,pb9awzkakxjnngwv90bsglc,86101,Engineering,2020-03-03 19:50:03,True,9.724073941616215
mhwax8xqetu49,lwe99cxqzdla,52,ehn9gg5hljni3eaatkzcfkh,118339,Engineering,2020-01-24 13:16:27,False,2.897328514578157
kosg1ee35hj51,surc5joed1,55,j7xq5k7xe27pyh2yw7c37,38109,Marketing,2020-03-18 18:48:01,False,3.1896416665009744
q4hyiboc9dnyj,doqcjwra84,78,2ibgeh5rrpujdhsi3qodf,45947,Engineering,2020-02-03 02:38:33,True,1.49594038598212
u9l0bm54p557k,accs2y692zdn,58,pzwmq0vs8mn4bnijg1y1bq,15599,HR,2020-01-24 18:23:18,True,7.592316906941265
joqriynyv3tu5,06vcwuwdu4u,21,dmrc6xh8b6lvmjqeimw3dui,54862,Engineering,2020-02-08 19:26:52,True,6.8980709221174425
u853lrumuhgw5,8xk2casvnnp,62,pww4efa1rxm6jg5vpxnksw7,64624,Engineering,2020-03-24 20:48:54,False,2.884294704072995
kvvyv12mrb2uo,ml662ef4p4,73,1p1d1lp9tzzvieq7bg9mt,58385,Sales,2020-03-05 05:55:57,False,8.164572710496405
04owxmv6csw23,6mjxj4mc71,67,3k4cbcoqge76pcuhveqn14,47574,Sales,2020-04-07 05:49:12,True,3.927553212248724
yhphaecad857y,w5m676ecgxvw,54,8v2jr8pg3swhquz16s2tt,77710,Engineering,2020-02-18 11:27:13,True,2.5133462840184375
ju00bmi9vzlqn,r5g6e1hod7e,59,jl6yyddiozoz1g5l85inm65,66035,Sales,2020-02-11 09:13:09,True,4.990079143828767
n7tkp4fsddtjx,e7zadz66ht,78,3pljbrm2xl2v9a776d3tzog,53812,Sales,2020-01-05 05:41:39,True,2.1341653858072513
8zuujdtqgd2nc,zwr4laiczi,24,2w7to6qtmxghwndujv33pkv,79231,Marketing,2020-02-06 13:22:26,True,3.617910248048642
xpdx73rs4ssvx,pxnc76ximbg,59,ynnbmc3r9usp1doapt6qe,61458,Engineering,2020-02-06 20:03:28,True,4.548855829604193
l349s936r1k6q,usyvk65uthiy,36,em93dwuufx4slnlos1eefw,103906,HR,2020-01-22 22:25:17,False,8.687529830199786
fdt0ofnkizpej,6bst2fqyd3,57,6utaq2hz17zmmywvu3kd6li,71509,Sales,2020-03-25 13:31:09,True,8.17666302813984
cm3fqs8ze2tuj,wrz9hq460dvz,55,xgh6yac16a08jlj7x1vpm99,66936,Engineering,2020-04-06 04:55:11,True,5.163983777939265
e9fzd8ax9f4tx,85g64lkxh5v,28,wn5c0svae6s9fo96x0kw62,81942,Engineering,2020-02-11 06:01:14,True,7.591225201100786
y9u3x3v1g81nj,stn6jpd01p6,31,a7rrfa3d5jeiek80dj6hx6s,26301,Sales,2020-02-20 08:54:52,True,6.248284297637286
pp4ymfi9trud6,uviii0qhpr6a,56,k8qcv8uybagtf9u89hdpcg,105305,Engineering,2020-01-09 18:44:01,True,4.286241262700049
0gfor5ktxoguz,eprrashcyes,27,aagxeu1rx56ji66gd1w5pj,94786,Engineering,2020-01-04 09:30:41,True,7.602415576293086
nurecwzxsyul6,46rppgny5vp,35,97xrpyhxt3trd9fcrrw8fz,56062,Engineering,2020-03-17 01:44:22,True,7.237450235396864
dgv6qx71vq7ff,plq0ymhelc,69,uxo05legv0o8zwmzc2b1w9,47777,Sales,2020-01-19 13:05:56,True,6.6827509335501585
7ajuebvbj7pvl,6vir209q7cen,39,fk7qc7v22ejjiumjkd478,50739,Sales,2020-02-25 14:50:53,False,6.67294173256681
xj85gutzdvouo,w3w0jymp7vqw,48,6h56hn7hgmu5knkb7qny0hq,40924,Engineering,2020-03-10 00:50:17,True,7.23299606632221
v1n01zbych68f,9ib5vmhaqld,75,lrz4fozlnaq624h3mpbr8,33886,Sales,2020-02-28 19:20:44,False,4.662648321805978
wysekljhx19uh,m4gwxeeq3i,33,smdsy49dgpew95xy1sgqb,40127,Marketing,2020-01-07 21:02:53,False,8.83576875033122
iortflbgpcc06,yspubjpomm5,42,racu3kvyc3x9whd429miucy,12531,Engineering,2020-01-01 13:14:34,False,2.7485790796695078
1ah5d3fs5ilkp,hr9zj462em,55,l2kkznpj449jztioigzxl,66601,Marketing,2020-01-20 03:14:39,True,8.963319999477502
au3m7d140eyc6,wccg98oc23,64,vp25s85tth8mfpe7f6oone,72173,Sales,2020-02-28 17:56:05,True,4.298643465652646
dyt7ze812ifsk,rka2j14sc9o6,73,zqp8wm62770oizc9ettej,106962,HR,2020-01-03 08:27:45,False,2.427529610390201
biux7vcl13zu1,zp96tm6en0,74,yy3nv13st8vok7xfq149iju,99748,Engineering,2020-01-28 02:41:57,True,6.518531994691053
z6u87rkwvqek3,ndsd3s44imnj,66,742k6auwiauvdajo92e20y,57512,HR,2020-02-19 19:03:13,True,4.58893345861445
o086tp7b81fit,w0fzbmsa5v2b,33,aete927rbp26p8qddy6nx,69447,Sales,2020-04-05 18:22:56,True,8.37433328170368
ahwcdyou8n9lq,kqhvdkhizbp,20,y1g9j94srf1gl7yq6wifbic,102594,Sales,2020-01-25 15:40:47,True,5.060899790407845
i8mor6f0w07n9,fuzs1hnxz45b,42,x2z8wdnghsbamx53f6wjo,64518,Sales,2020-03-17 22:56:27,True,7.108805337643892
h8s3ntyxnzwvs,ba9li916vy,27,9ahcnq7fe28r3oop6jsc9dk,79710,Engineering,2020-02-02 18:47:20,False,4.005605780495053
csi1tgnisn9q3,rfrpohmgq5,62,615pikf0lvu6q2jrm0j5c,60654,HR,2020-04-08 23:05:23,False,3.1546213814315616
i6ynk8n3dd1hb,mw2va2e8jsg,59,0c6bkj6gozk0gajuo33hxs,76487,Sales,2020-04-04 09:28:11,True,4.6928231194244
vp23l8kuuetc6,8mjbfh9ygws,22,o9frs3ml7lxd9nqcwmiuhqp,77578,Engineering,2020-02-15 18:59:58,True,6.57692990877762
iid8q7x5ahwll,vmuas6dc081,69,1pnt72cjtb05jq6frihy4dt,66961,Engineering,2020-02-14 02:13:21,True,7.008761903680916
osz2vut2dg11d,fw6pxemle41,34,wmpz4aqpj4j7f11mlbhih,101682,Engineering,2020-03-09 14:47:45,True,6.330596246452345
vlcvbx70ahwfv,r08zr6y4b65,45,cimi4yh44qsc3j2rlwkixyy,54314,Sales,2020-01-02 05:32:51,True,9.8605085109407
yrqlfz0hsa28n,q7g83l8kdy5,59,ilk1hjy9ihcr8q91osvfgit,78355,Sales,2020-01-07 10:26:50,True,7.302829615539584
8tmht6zuixqxu,4dacvqn8m8b,45,kbv9egfvjt1w8a2iivbpf,119292,Sales,2020-02-03 07:15:09,True,9.373579385489412
mkskmaslhhl6z,mprg93gosbm4,45,m6so6jal2qd2gmef7g1jdcy,83164,Engineering,2020-02-19 10:39:48,True,2.366392950120884
1ehy0w3wtrrbd,f15jrdighgc,23,0n5wc8m7xalhsi1n0rf6ymw,55977,Sales,2020-01-25 21:56:21,False,1.8792556204764035
369rs1t6lob2j,bo2vdfzkzq,43,u79qjwb8nbspyab0b3jsp,84052,Sales,2020-02-13 09:14:13,True,4.029176299848197
bkmjnri1ctf0b,4m8por0881il,65,h4yu2fr80egjj19j88tmk,135207,Engineering,2020-01-15 03:58:21,True,2.5270695142929522
2cp3bql8aozu4,u86swma2xpyw,74,s1dsn419saw1dryrfsly8a,76487,Engineering,2020-01-30 01:31:16,True,5.87982289357115
ywx1ur98i375c,pkcoaga5i2zw,44,ahried2a3acvhryt43pbq,95000,Engineering,2020-04-05 08:34:45,False,5.820504773271143
c1owk596x71gd,26gl45tq9c,44,giqiixkhybjxps4kff5mc8,75651,Marketing,2020-02-15 19:56:21,True,6.303384389637981
aats2jr1840ke,06tn9ewof6,61,qc7lxfk0xr0u76rcxafsvh,82284,Marketing,2020-03-07 08:50:03,True,7.769102038658723
h7la4de3xckdz,sm2fopxwjq3j,76,iu1dxhq7tpj7j33ygtqc9,73604,HR,2020-01-23 06:47:18,True,9.716452114936642
00fo38wfdri2m,s2b9sgzocpb4,35,j7nh0jov4b4nj39on420ui,50541,Engineering,2020-03-23 16:10:10,True,8.914858228917986
q5vdem7vwc75u,3g92xd2e232z,45,oxp9khcsc9y9kpqxqtvfgnk,84701,Marketing,2020-03-26 21:36:29,False,2.3701312523769733
ukda1x8m7k9q8,z033cgimoe28,67,eetoz63xwic9gvn2p7jgy0,45511,Sales,2020-02-19 18:21:29,False,4.266189434507197
rvxsuh1eq9s07,0h5tjm28h243,56,51igpz8qwhb452chb4t2qjv,67857,Sales,2020-03-05 12:02:11,True,3.553998481120015
kluk1eqtlfqsz,ulkbb7cpdwt,26,74llpyv0xlrpdl6vr60sny,122438,Engineering,2020-02-18 23:57:34,True,2.8735453445541745
5f9k6xwo0kqn0,3rk2qzwtbx,57,xwe9x9ef9djauc40qwm0tm,73758,Marketing,2020-02-12 08:42:51,False,6.042227210569289
r1dg8ihqq65hs,0bndm98hbf4j,30,xcjamn6bb4d7sixm3sjntde,52867,Marketing,2020-03-05 10:11:26,False,6.115775691690234
cem4p5v2vcjup,jwc5tj27th,50,5fnfnl0zlhjpzh2tqsqa2n,81436,Engineering,2020-04-08 08:39:24,True,3.3078626712814616
lbx8338shzg3g,fkr2yucrxj0l,51,m27062sxnex743i01zr9h,61939,Engineering,2020-01-06 13:46:28,True,7.482034884260407
ca9yaomheia98,qazo648ahlsy,72,t52rga16dt941cfwg9afx9,78189,Marketing,2020-03-04 03:22:33,True,7.663048693959734
bwi7nd34k8hcn,5lm1afhdey,47,25yj8y05ldzcqi2art718p,46651,HR,2020-03-04 22:24:09,True,1.5313628647756017
m57spbq7pbbzm,1wddubgpqtw,36,m85fmml61crzbd11yzb73,94658,Marketing,2020-03-27 00:40:43,True,4.759215705536901
47chwn02aq3mu,k76zbwv7ojo,33,uw6b0v7ptzpfwhfvf5qqw,78583,Engineering,2020-02-10 23:19:21,False,9.017194051953847
ssyv4qw5jj9ht,2wqi9ip964f,71,m5vgvufnpciu335wcacgc,50937,Sales,2020-01-02 18:12:37,False,5.832023025641775
5n1xov3dmwhrl,pdvmp2fzkx2,29,cd4bn4b4vj36sya5yqnmb,84352,Sales,2020-01-02 04:09:11,False,4.344686671055147
4n7r7klo42zr5,jazlnyhd1gj9,45,fycrcex7x917p9grf172dn,123014,Marketing,2020-02-19 01:56:04,True,3.535508076249644
vqwxhfe21kasi,znpqvdsbisp,30,yhoskt9rnypraaauy0jl1,55993,Marketing,2020-01-29 22:37:08,True,3.4466108250544627
07d9romsflqwz,yrwukdy53z9,65,56hzb87f4wl1oslbkyu9i,94117,Sales,2020-03-19 00:06:58,True,2.209941631674373
260yjwuum6xkq,7ilbeevedi2v,47,e6ep2r2fr54kz10s0tcp2o,85780,Engineering,2020-01-09 03:00:22,True,8.389204784227655
dy3iutsslq18r,jpjfefyd58j7,40,a235j0h9899ytqwy4f8dta,85421,HR,2020-02-05 18:54:09,False,2.0970235516918754
n8gmrm94bpiik,ps7y4q34s82,41,z7jwxm204j4jx6n87qu5c,97617,Sales,2020-03-11 05:05:30,True,3.8681191169028413
v69w7ixhg9rc1,ad1rzsfah6ux,70,oh5z3i5kv7rsrrld0efmwy,68726,HR,2020-01-15 08:59:14,True,1.7440602175553135
fu1a9u8mjjmxb,s2jl6gqj4f,52,d5ozkikb0zhuuhami1fw9q,79262,Sales,2020-01-29 12:43:11,True,8.080526448094538
vq9nj8ycqlx2y,rzphxm25xp,62,lvlfic7hjin05db6uakak,77935,Marketing,2020-04-07 11:11:40,True,1.689007270902852
9zat1pq1l037f,5f86rmjzqay7,73,gbohz8uh5hjwd3weufqyx,54524,Marketing,2020-03-28 12:02:27,True,4.005977112132507
g55y6glpp9mg9,jtgp2lqtzslu,73,mqn7zszcb1bvgdtfi4z9z1,86783,Engineering,2020-01-26 12:49:27,True,6.288313895826136
i5kh6wyhvdc22,7g8oaz8yovf,39,jro6evvvoq1vuqerqdgyi,66630,HR,2020-01-03 19:04:55,True,4.878102637761774
771mowzdzie5t,xug255edvr8q,76,iw454qv83zf75ymbekkxn38,120438,Engineering,2020-02-06 10:50:15,True,3.781787877678514
ko51vqzgzyjsk,xbmoecc8w13,20,eb7k9kif75l5qd6i73tw8,63061,Marketing,2020-01-30 13:43:23,True,3.7207926889016023
mhd41kax4zetk,96zqgh4l4sj,42,ww1s3uxuz9z69dihb2wf9uv,43123,HR,2020-01-10 22:21:35,False,8.221807120618458
607o5uefvrnjm,ltgnkg2j2i9j,73,7za9evdbppvaoxdrqgjab,103020,Engineering,2020-03-11 08:36:56,False,9.739261979871888
43c3f2h6qkmk4,4qi67xigpsfk,35,v528qlx33tgg3l4rb6k7p,57260,Sales,2020-02-23 06:09:14,False,4.348246038423167
1fpd8zlkyrswr,lmlujt91xe,35,86uthz6z346kebmrzynebd,45750,Sales,2020-01-23 14:17:36,False,1.6878172642540883
zfd27qpb7hmh3,l8bivelavs,37,dij0fo4vf62u3u9vtvk4mrv,85034,Marketing,2020-01-08 21:58:53,False,1.6655987410872217
593aqtxv2vij9,cwrzmrcwcy00,56,y5omzkm6a095o4fyrv49i,108224,Marketing,2020-01-10 12:58:28,True,7.889555432247154
11uxbh0v02cmj,yxhi3spxu9fe,45,c60aieoi1mxjvvtjjzy1mo,93619,Sales,2020-03-24 12:59:05,True,6.1080709272575175
9i07a5y2gctt3,dhxkquz0pz6,63,ls5k6bo9eojq7xj3cce1nk,61493,Marketing,2020-01-20 05:58:20,True,8.099526848224986
880znqr2t0rda,fhg7npijqlfs,73,hlos1gg3rxfdcfzk2tjz0,78679,Engineering,2020-02-01 22:54:38,False,7.358009750033583
aztwjkeaqv72d,2fyxyppfud71,59,n9lwuhix4yq2cuhnpr4ktd,68472,Engineering,2020-01-26 01:48:56,True,9.166759911331527
eku8lzsggzeun,1qngva243or,31,tkar69r48ofhvamxudglmpf,116282,Sales,2020-03-08 02:27:20,True,8.980018566915383
dwto2hs10do8a,37k0x8hrmxwl,75,498jq3grsov3t5ywe30geo,64793,Marketing,2020-01-08 15:00:16,False,8.14030578944558
cx0972xxdc7ww,341v1mygfx,35,hikv78mk5oaxvcnb56fy7kg,77954,Engineering,2020-02-20 04:50:07,True,5.443336040997195
e4fjgutcvd1l9,s9i92xezn2fg,28,vjufa7n90if4q9u01p898,79678,Marketing,2020-01-02 20:24:09,False,4.004472503347625
emw3y0n9pvuuh,rwad8w0zhp,24,su6wf5vc8pyqm1kjxx6q9,47052,Sales,2020-03-12 19:08:34,True,5.717544388017251
p4j57iqk5jvqd,c5etn5zf9e,53,fp15zky4uclyq99sbq3j896,70790,Marketing,2020-01-03 10:16:56,True,5.674866843800938
yuay9qxbo5faw,5pamkhy5x1,26,rd0y1vyqlppq4om0ubhgj,71190,Engineering,2020-01-20 11:11:24,True,6.6067963366533125
q72imfftcqlaq,c90to01y6nh,27,d98crx57bbjwolqrnqolp,109312,Marketing,2020-02-14 12:34:25,False,2.9534731297745207
czo955drs8n6n,aprgoxmio8x,37,77p7g6dgrdktkoq7l18h0vx,80313,Sales,2020-03-25 10:14:16,True,6.9973340499513075
7dx2sf6sae0pf,ph2w4n30pf,36,4vany99ceas63lj7p2ok79,66240,HR,2020-01-15 16:13:46,True,5.283240900795297
m8slpjyt4dwbv,6rplt23zv62v,55,8irsdf65pkv9wz42ey7lvi,71963,Marketing,2020-03-16 19:46:47,False,6.692314401747526
hgncpsrph6lke,mixo9m0ghn,68,20qemoorbwmdyklmifjwo,73881,Marketing,2020-02-23 02:05:59,True,3.4143157610143255
0lqf6e1ne6sve,l9q20a7dxu6,65,w7p5eqvr1mas7dcj17s9c,74569,Marketing,2020-02-29 03:12:44,True,5.091986734984968
b3d6mtgownws2,aco4pj2f2qvx,35,qgzrf42i8ql9xj32j1rqkaq,98284,Marketing,2020-04-02 02:11:00,True,3.161070920491574
t2xrjhz2jqbfe,qukgeur8to,34,i16chff2lisq58npulx7hu,99542,Engineering,2020-03-09 02:39:39,True,8.88942028240038
1erzt0lgcj7y8,mlufgzhi0d,77,odzo95di81ibcej1onwmp3,51212,Marketing,2020-03-19 15:39:36,True,5.553336620806087
pbxjvz02t0tst,4uyo81ndt7,19,q3q8axybyn6q4jfy37rx00,101732,Marketing,2020-03-31 09:14:45,True,3.2883685506465037
8b37vcfo0ji65,xte3xg9pow,72,uswob8t1op6lt2cebwzzgje,93962,Sales,2020-01-04 05:11:23,True,1.7055868598024657
f9b2daszyjovu,o2uonpod0w,31,l54vqtth7w1m2hkryv82ugl,74230,Marketing,2020-02-04 05:16:36,False,7.170611363996637
v973y1adgi9sa,igdeek1p3d,76,555zkrepk8kw7qjrhzcxcb8,39353,Marketing,2020-03-07 01:59:23,True,3.1993415066657866
j9i55fqj08uy1,bcufreit1zrs,40,i9v47xibu70gvdn7wyao5,80742,HR,2020-01-01 03:48:19,True,9.873655590755828
od2i0zs1qtw56,i94qw7eocs1c,45,ug9ulooq78ne3do8jbx1v5,66838,HR,2020-02-11 12:37:28,True,5.947276328328337
e7kc6kpr3jrs9,dx4kaiqacz4,61,sucf5bx0imnknpjtp7pn1rz,89141,Engineering,2020-02-08 12:06:33,False,3.839544119460737
mcja0hqify16i,w3jhyvojtwa,54,g7g68u15pjwof6l94j7jkn,91392,Sales,2020-01-07 12:17:11,True,7.015055166390974
rub9o1r7vkmdv,snhlz02oa1c,38,6gdjopdd90vvq75f6h9eejg,107895,Engineering,2020-03-18 12:07:27,True,3.7210583998007905
gxd1oacnau2ej,r752yzhsv268,52,y1mvr0hfk2egvd5s6ah531,49482,Engineering,2020-02-03 06:31:50,False,8.41545525524527
1ugcts8deadl0,csj0okzxm5dm,63,5y76myj4ky7tg682lel28,128000,Marketing,2020-01-08 07:54:33,True,4.005416829846226
wyuxy55e9p6ui,7galukn77y,22,ap3ijmt2d1mcs1sqrrwi2,97495,Engineering,2020-03-09 21:49:57,True,9.862162270446861
f8vewqlwpc3vi,dzpjb8sfsh,20,2bq4138tp7nztxrist3z48c,93052,Sales,2020-01-04 18:39:40,True,6.562606543703103
2wm5wqubfr3v6,jc2owwrs1zj,46,2fax7gkk9tpex336tvu08,122553,Marketing,2020-02-08 10:57:54,False,8.623339060064215
3q5nj97i1knso,dbcgp4js1q1s,27,f5p1p0cu3vs4tsb0h0olng,83324,Marketing,2020-01-14 15:23:21,True,1.9778069313196975
1xhi66scja27m,wtmmkoq1sd,59,ztjsr33yxjb58gg0j6gff,100890,Engineering,2020-03-08 02:45:54,True,4.350471106446143
a72m2xzqgmezc,v766lb1jvqz,32,mbssbzftwof18khxu9ge2,79690,Engineering,2020-03-25 23:03:59,True,7.702432795914717
gaqyco25zpy1i,ghtl8q1jv6vm,45,nby4mrq1l8vauad5amqlgc,96158,Sales,2020-01-20 12:32:16,False,6.992503497007791
a2vpgn2ssbock,ov3778sh61y9,31,z49zc1q3bhn8kob5mqo6pm,104030,Engineering,2020-02-29 18:42:00,True,3.0236284454934506
3rb5hvfl9o1rb,xub463llxx,52,vw9jq3m33gj8b3scy7vnb5c,101511,HR,2020-03-18 19:08:17,True,4.418541796571824
mot22cscndk45,km0hjhthign,26,hz5kaodd1jkwcqv0ppc6b,38420,Marketing,2020-03-27 14:08:47,True,3.619630647926259
03bi147oy9hi5,hmu18wobl9c,20,0ogifl3tt0tg3hbnjrrpe4t,65369,Sales,2020-01-19 00:24:41,True,6.633449418033269
q8s2g1i1f2qpw,csbqn10jc9,22,5qmmqoz138vjk6fglgbawyr,104281,Marketing,2020-03-17 02:49:03,True,4.318335455724979
4cuz9vlmkphb3,yv3u314zvua,76,c2je7hnfa6kxjwpp4f3ayu8,87749,Engineering,2020-03-19 02:18:52,True,4.012463674704568
3ljkopqzblzwr,muiqu4vlfp,28,eleii8aj98qmf5kqefj63u,74311,Marketing,2020-02-07 16:47:49,True,3.136755216213735
5cc3a351um09g,ein3z2shw84,62,q0c2b297azadnr7avpvp11,87982,Engineering,2020-02-09 05:36:52,False,4.873501387325599
vjood5wfxttl6,85epq55tbt,23,vfybgq8tbg5sli0nbuduvbq,48439,Marketing,2020-03-23 17:46:08,False,3.034475888464108
1havfu58oefy2,ra22sfhxtne7,25,xtlyw75xycy1lzhek80s519,94825,Sales,2020-01-05 22:39:49,True,9.64100377735353
gmrbhk60tl405,gpg0nn66t9,50,j5rlh6nbie7sgqz01tfh5s,84640,Engineering,2020-01-15 12:31:36,False,2.681347949247022
jc084opm8kuk3,5c2xvfxwjpk5,47,sxxqrlwrpp9wv6xt64hjau,77616,Engineering,2020-03-03 14:56:47,True,9.216699570845062
8v4nx595o8cpe,fx6l0rm3m7,76,5jittgkusofjpk8h1cbn2,71134,Sales,2020-01-13 23:52:14,True,5.040984008071458
ujsyd2sbjytsw,yb9resr5ujv,76,caotv76icbdp6irphw9co,81194,Marketing,2020-01-30 13:35:45,True,4.60511952384308
xk71eeuldtynk,qixnhs13gz,66,6rwc3q5gnolhp7x2pee3em,68793,Engineering,2020-03-12 23:44:53,False,3.3429592443067815
5kr0rwkuewyjv,knuhc12wr8m,55,ynzrt7gjoqk70u4dqtywo6s,67576,Sales,2020-01-02 09:56:47,True,6.82625502867246
sagdaolvvq2nt,ekk44mny66op,46,oep5v5mzqe60egr4fbmkz,119424,Marketing,2020-01-14 07:52:43,False,7.254924228957909
6olt3c1z3mmbb,fyodd37045i,40,btqpenxdxicir9sxdi6a8,36590,Sales,2020-01-19 21:42:05,False,5.377722689952423
9zkhvth2z3qtp,hn6wulbmdtn3,76,lrnjjrxa3oh8rpuoegg0yv,37095,Marketing,2020-02-01 18:07:31,True,1.8304556948230983
gp0wxi8tq4ho4,hlzbnf4qy5,55,qmzie6d1zdpv98yhqrl6w,94703,Engineering,2020-02-14 22:57:51,True,9.261532494760381
3tlq32sk7g7tx,msy4ypwnfy,54,lkm80ycyjqcvn0trmfj2fky,45591,Sales,2020-01-30 06:03:55,True,9.79396164552236
j5otchwkh23j1,lm97fhh67o98,33,tp42f25iwprsbjlrs0n7b6,26357,HR,2020-02-11 18:16:53,True,5.06312141115518
9m59zvd4rxwvb,vwve4m1t6p2,22,03g0ugyr665yndrj88wyaro,100415,Sales,2020-01-27 03:11:39,False,6.635952596674406
4k15ejx8wqa44,x7gd7vewo4iy,76,5tqkmyty4ap1u3c7f2c6k,106447,Sales,2020-03-09 02:05:00,True,5.2289610172864105
7ivmyrlqooomq,uivwd2oa32,38,e5rt1mzpyj2tz5x4l9jfg,43425,Marketing,2020-02-03 16:40:02,True,4.122925240384799
5itz0urmpilsg,9vmgh1iypj,46,40hcuaogoyc3nd9cey4kh,31466,Engineering,2020-01-25 04:48:18,True,2.016592762214885
8rpdy5mqfsmzn,4l4n5q8a2dw1,26,b1ju16ka6czonwh9tf613q,45615,Marketing,2020-03-26 05:15:10,True,5.278648655555839
4dhym513c1c7p,luqm5olo7fqt,69,1g1qeenfgqi4vip97msl9,58348,HR,2020-01-07 23:00:48,True,8.399179488102913
v5hhfn58jcl42,ew6nqs6am0,21,p1sfd340ui8uqx4f8my5a8,122492,Engineering,2020-01-03 14:14:54,True,1.497355276900526
ey4utvdmtmq96,f638wjs1wdt,69,slt62pngfu9vsyc97k0bfb,64978,Marketing,2020-01-28 13:38:00,True,6.364194593830798
aomqxh0whhzm1,07dggzzsitpq,27,qnj6l5xnee56d3qcm9rw86,95938,Engineering,2020-01-24 19:50:02,True,8.936505570633361
ypbrq3m523rmu,mlja53huvrb,72,9q7le0mzn5kpvpmlr2rbbc2,93237,Sales,2020-02-14 20:22:29,True,3.224358992095823
3uqsoij4w36ia,czu319z7hj,63,l5dixpqvgj29xnnyvw5z0ls,107977,Marketing,2020-01-24 22:39:22,True,2.928998356631624
8k7pi5ol6nhh0,noqr5ww8ox1p,29,752u8elgbyjf08jit8h4p1f,60162,Marketing,2020-01-04 12:59:17,True,8.002065114903125
lak4q652uuwfv,fbmi7q02vxg7,53,w3i1x1xo67v27j3k7umyuae,75274,Marketing,2020-02-17 03:27:53,True,3.5476544090233824
h8kxubs1qfs1b,o6mw58aeme5u,38,vgmwuftli1k5kxo8qy8s4,70145,HR,2020-01-30 10:37:13,False,3.0041735854037004
dvz9m5q9s81ar,ujxuywvd7f1,30,wajhz7snhayxt3ec5qekd,88727,Sales,2020-03-26 19:22:35,True,4.606181118297911
6lhxpd0ipl4xn,8wfpbxqafe2l,71,swqm0abr969bdpdiuwbcwzg,105362,Sales,2020-03-14 12:39:36,False,4.731175369484181
y7cxiztjscxec,ca0xshb335am,43,9dwyz11uj0oq8epwi68xx,128983,Sales,2020-02-21 22:57:52,False,8.879049768605707
0po8lz7w4tlwd,jztqqdewj16z,43,xsy4y05ke6sp8kkj7ewy2m,65938,Engineering,2020-03-04 18:12:30,True,6.6771443135380375
wayb3cuytvu6o,20rjejuxc4bb,29,57lxu2w6hmejnxkc23gqtky,78994,Sales,2020-03-16 11:24:51,True,4.847097698224729
oyuxefwd0ru18,7t6dkey7ifrn,42,xb0s2ks1uzvfkn9btvd2xax,96794,Marketing,2020-02-01 21:05:55,True,5.953198351149585
vwcjyhke2eiba,nq82qha9gex1,71,3lsdottuj3xc2h2jekd8lu,90537,Sales,2020-03-11 10:04:01,True,9.566896945457902
3k1lzmh13i4u7,qtczohmcai4,41,u09aavotcnis7d6b0q4f4c,117613,Marketing,2020-04-04 05:10:18,True,2.3257537064035945
4ylavaauoqv8p,zq7imemayd,76,6mupumd4i6xy29orteraswz,72877,Marketing,2020-02-06 08:42:10,True,3.1396623624517157
hqqzmqqnf8nho,j1f0lc6j4og9,76,27srb0fff43urww19ygrt,65771,Engineering,2020-01-08 22:03:33,True,9.640651682833283
0m48fevwy7zez,nccvs8lej6m,28,r6o8auhg38bhdumi2xplb,109299,Sales,2020-02-17 19:30:48,True,9.595832346940503
tffrdqnnmgos8,5kx8sf8d6m9s,30,s3pxmew4qczmvu2enrd6tm,82961,Sales,2020-03-25 11:47:07,False,2.876543115451728
q8st985xqga85,lkfl0ycct1wc,71,d8h9fvf9ip6rl0ao0pua2,88782,Sales,2020-01-02 02:28:44,True,2.600448784645144
9mfnodp1pdz15,xftk50umv8v,43,l14466k2yms91dcy822l8tq,73740,Marketing,2020-01-03 09:11:48,False,4.977353596145457
b4chxo4ibhgp8,r4uny0w423,19,l9jr3hm4fgu1uux00m212,98275,Sales,2020-01-29 00:36:54,True,1.7788775742186065
3jre27we3fd2w,zts0yw2ocjop,35,931w6dc5dalm72i4gmb6gr,54295,Marketing,2020-04-06 05:47:40,True,6.991164348851421
f5ro5ijtfckq5,skeenzhegp,55,hl3i1dqkbwvzl5iezg26xy4,64278,Marketing,2020-03-16 02:35:19,True,2.018119183036288
ddqse5vf8vatv,nd9q9fp29j92,67,ek5ht7hbuofecp8i8s7jj,12531,Sales,2020-02-09 08:59:38,False,1.8504607137256857
kmcilwn6riwjs,d9mr6upoefc,27,fb6c9m8ovdqeux43gg0xs,60123,Marketing,2020-02-04 12:02:28,True,5.529444017634106
ew3y17yjn3yn8,964u00h5zb,26,7v0fj4ybjjzevd7gqkh16,98385,Engineering,2020-03-16 07:15:06,True,9.59980959085318
7j8kkuuvgqblr,qgd5kayxqh0,74,yulz282xof579tl8q0qkbb,76663,Engineering,2020-02-08 19:48:06,False,5.0265390923273285
kpr8zpflmdbz0,0vpberc0qpf,64,2xxp4i0nyv860zszfcf1cm,52851,Engineering,2020-02-14 00:47:39,True,4.420938095780057
0ohglmqq9uhez,gno602e25fbf,54,mma4qimnky4ngx9czzaokgl,110604,Sales,2020-01-14 13:50:36,True,9.945782955342384
p912l3wpnjg2c,d2yicz095ap,65,cz359rau1p1vsa47f1c4p,78923,Engineering,2020-01-28 08:10:28,False,5.932364168231673
o9smu02tyf9bv,kzaz1ivh0syu,45,0xt58mtbd0yd5qa63el5q,117089,HR,2020-01-11 20:49:34,False,4.582514729356337
5pre93sw7m29v,bn551mlhozl0,65,5xl4s2uz1qiu7ktp2arvhg,96548,Sales,2020-01-08 16:54:24,True,4.673976629219245
9isfoti5dretw,90iagzgghpc,41,37ko8wu1m7fdefu1cwhsk,80143,Marketing,2020-03-25 06:56:55,True,3.0297983743126418
kvd27mi4gds34,jgu4w0v0dx,34,j1t12hsuridy7iirkmipd7,120556,Engineering,2020-03-10 13:45:01,False,5.762298370157676
8u4s45bjbbxq5,sc0c1q4jv3u9,63,ok503q9sgu1cnb2rxl5rmdw,66330,Engineering,2020-02-29 02:42:47,False,5.130400591515966
pp4xakudgzl4q,wlytg22mcb,44,jen71hp4gc29diqtn2m9qd,48655,Engineering,2020-02-24 10:10:26,True,3.682950356592199
6k15a1gbxdszk,fgeg75m3yuu,78,vh136690t6ysu6cno6va48t,114773,Marketing,2020-04-07 14:01:14,False,2.7333538796783814
kclc0bpb3t1y5,t7erkqvtf7n,40,lphnr3677gffvhozcjc3vca,90360,Sales,2020-02-08 02:53:18,True,4.031279237173992
j6mpvt0p75zyb,tm5zn9hvvp0j,74,s974xlmppt0md57qx21v1,109728,Sales,2020-01-16 04:23:43,True,5.731811693683191
lilzij57tba9x,4u0q64zu9a,75,ycm4mr7qu9sl1k18opgc4,97153,Sales,2020-03-25 01:30:03,True,1.8530759226016715
0b4nb2ol1txuj,di3dewpvh6p,34,8luzbndqexgwqlkk7290v,115856,Marketing,2020-01-12 07:15:46,True,2.674821382524769
nrxn7lvf99vnp,pgaircx1ji,67,93glcq5hw3ojo3znc9zn4n,62971,Engineering,2020-02-10 07:14:02,True,9.512568241697448
9y569trcw5ped,8wqgp9txef,45,jir99lcrg4a4m2c28ous1d,70895,Marketing,2020-02-03 01:40:24,True,6.0261255229431985
un4nflpqwng5o,eburlqognac4,74,mo5c3tbykajq38s75lqfm,70636,Sales,2020-01-05 09:59:37,True,1.897138832471528
q7e0wno648q1s,mrqqktj27qm0,46,vkgua3s28t9aw48vg69g0bq,70967,Marketing,2020-03-16 01:14:36,True,7.3200341322108065
w5mt8ei2fy4vb,z1ml1b7w28k,64,3v16z8kg1y4c67usunjg2,37068,Engineering,2020-04-02 03:38:20,True,1.8829585725853977
e0yhatw5kxk2z,kinic2s95g,47,hmskbf2e390r9pei7794tqt,79535,Sales,2020-03-16 00:38:04,False,7.714379842189282
p8tcaaqb2tfh2,1rewvzlsac0r,33,sc3efcxa9orw2vxm6v8qv,94937,Engineering,2020-01-31 05:53:48,False,7.809881864276673
6c8e0lttids0m,3be26t3euot,31,yfq4q6dnm0x0huk400h6l,58824,HR,2020-03-25 17:36:14,True,6.958224541103428
mv1vshhzzwm1i,4lu30z6zz9,45,7p9bl0qtu3thrrrbl5hjknz,53102,Sales,2020-02-15 12:59:09,False,7.656935781727686
tslo4nkz0k7sf,oakba4pvrq,64,3dkxvcbluegd9v2izlah6dn,72188,HR,2020-02-03 10:35:06,True,2.108292215377163
1a8hgkdylzlxp,j8upfcumrx0,55,2niizqdc2yulaagjokwm0qm,94777,Sales,2020-03-16 15:03:54,True,7.61022049311083
mydk5gk1ww1zy,dvxjbfrqw3u,60,utt4hxk6oda5k3s97gtl5,49126,Engineering,2020-01-29 18:06:37,False,2.527925457314926
2s69nn831qcp3,jmlidx7eodh,36,vx4dxqs76f9mi87prr5gww,132833,Sales,2020-03-08 02:54:44,True,4.274735127678785
2oywygvqrjjg0,x10a7qzxu3,48,rgxnevvjzoan94178wsroa,43643,Engineering,2020-02-25 02:06:15,True,9.47026247950294
6a7dqdzdag3i8,mc58snvqdsbo,22,z8odoavkz0mghwz0imgkj,61519,Marketing,2020-04-07 10:20:10,True,5.681790348312621
hxs905nr12p84,kwjcecms8xx,68,c2ppgofrsbcy911599wbj,103355,Marketing,2020-01-22 22:33:04,True,9.682834386825748
dqzd33vkbl39r,jbwfbu82g2,78,ho21v7t6ogxzjoxkuoonut,99268,Marketing,2020-03-04 21:02:12,True,2.11653180732464
zgazwzffhxvsr,w6hljoxzcb,43,cww08y5vhr11klbd7wmg5,97119,Sales,2020-03-01 14:41:20,False,5.463726118107101
436jl30iul26o,uij9cxvn06v,20,h72w2eknb881h5dg0qjdwne,58703,Sales,2020-04-01 11:11:58,True,1.888121465089647
brcgr64kdrd72,ssfsmzvu9b,29,xr0x2krd6n5dtucydkp9f4,63360,HR,2020-03-13 14:56:30,False,6.7784883026021445
xvbfyup4n151i,30gt4wmqdntm,58,wd62st5pelunv3we23raq,54507,Engineering,2020-01-08 19:24:58,False,2.0285490036843976
v5ewe5jog2csj,zzr5ncazx8nc,56,g014ohf1d3q7f98pbho0paj,67666,Marketing,2020-03-09 08:27:07,True,2.8610607413175897
12o8flm2schht,nuzcd9a6gk,66,jlqlo55znzed1amcypum9hs,84917,Sales,2020-01-14 22:57:03,True,3.5798993638794934
duchwpmcinmgo,nvpljxrviqmf,34,pltrlykv7ml910m04brz4v9,54388,HR,2020-03-26 07:27:07,True,7.799384086319241
g7vxajphylyqz,9g9ykn2jeh,65,nn2qiadgknsch2isl0yq6n1,32623,Marketing,2020-02-12 05:05:06,True,2.7628268609914155
n9wfeyrmn1r10,exzfp9lkcfs,60,6ok9o3owo2kr4ivkq6khd9,104217,HR,2020-01-17 16:27:20,True,8.642467071806896
5i5t16d7czhfp,pwichdl4ypn,38,xr69jnglv0k9m5hgqv7thv0,71103,Sales,2020-04-04 02:24:25,False,2.4867189578600226
x3meytrrbjlmk,mgldb8cdlsja,52,uoeqhsewsnj4mvj48m3798,93882,Engineering,2020-02-27 12:33:05,True,1.654218515035246
s8znxavwsrl11,piiilobkkh,28,ddf130e8os352fz081eprmy,67938,Sales,2020-02-21 09:40:27,True,4.753081001396979
6s1z878pmwvp1,5ft8h7sg4rn9,46,2jfpyd7s6d7l4pbb9fwpsx,88845,Marketing,2020-03-24 04:44:23,True,9.786317941077856
8hvuzuyafwww5,it1t90h5aq,72,0g3nol2wmix3ajoimw6ic3,132610,Marketing,2020-01-31 13:05:05,True,2.301014129136076
3mrwo6uw0rxgt,it5b5i3tae,44,yx5g9ytq9zsc1vspf474k,47468,Engineering,2020-01-30 16:59:20,True,2.226739954838561
0f0i4uzmwt1q1,89ani3xdnydy,69,0g5h6o03v23bo0g0umqkj6,56434,Sales,2020-02-04 11:50:20,False,7.820249754082256
byfkfknbc86xs,8gmd9nrh50w,54,h6g7gg9gtrnnu0z0xe15xf,53420,Engineering,2020-02-24 21:52:56,False,4.0392272668445095
rx8a9y7yp72sw,lyczd9o52jup,31,cg27gqmu4imqhii3gqeqap,127161,Marketing,2020-04-02 16:46:37,True,7.528408891153311
sypias67pr7yf,s2rpabo1aev9,54,348h3uo70bje0dmquw6on,75081,Engineering,2020-03-23 09:40:03,True,3.073301992124661
uf54j3rxi4odi,mapv5polaq1,49,32w7gidb06501c9hvnodr,97303,Marketing,2020-01-10 17:17:23,True,5.31313623039884
izdqpo8eetorb,ivzlgounbhf6,43,lqs9gihyghxql4lbl0gm9,12531,Engineering,2020-01-14 12:43:47,True,3.6355337663274176
2mdj4hci3k8m9,fznhmm1rs5,26,834qhcj7vd52kmdb7veit,84713,Engineering,2020-03-05 23:05:53,True,5.239551111295263
mljigbwuw2nze,bmwy1k6xb3q,44,ql1rcenzsqd8xm6oo41jg,66670,HR,2020-03-07 12:53:56,True,7.9746807087353195
4y4tqbym1fc8r,vepmz4wlnr0,23,gezphv719g1bifacjw6im,109601,Engineering,2020-02-09 00:36:30,True,7.913641101733578
ktesvspxdoy8n,ppm2iz1m9in,25,gzpz59aumziwab194eyh75k,91690,Engineering,2020-04-01 06:46:34,True,5.792866871422297
s9g3syphr1psq,l5cpt5wqphs3,44,yc5857e11h0pryahu7xzn23,65224,Engineering,2020-01-24 23:42:47,True,9.346468426419952
mg0j79yfxrwf2,7nvqo5mu60,37,g9k5loxargb46347gypv90q,114293,Sales,2020-03-09 12:31:44,True,3.6225649558393345
yqxkz71cknzu3,p17a4966rwwo,75,d8v8oumk0453rp8ijlhcs,116546,Sales,2020-04-03 22:36:31,True,3.420400885615795
ht5vgia2hd8cg,3ypnql25xmt,42,khzwjrlzkjcgdhml89bo7ze,112474,Engineering,2020-03-16 09:59:10,True,6.637206553994649
0a0pgwk69q8e5,d71b3zzt1tkj,64,7d702erdatftt0z5jrljx,94236,Marketing,2020-02-08 06:23:18,True,6.701721226474383
c8n44qxwrnoof,wsr0fjbx11,51,yhn4xptonl7hse0m54bgk,68720,Engineering,2020-03-01 14:45:07,True,1.7515041939912275
0o9hocm7x553m,bekjbogt78,61,w4h5u4amk2d9oc2ubf4xqeb,81219,Marketing,2020-03-08 10:33:59,False,6.585283187768144
a7on27rg24ynh,v4wsdxt1qs8,35,lethafkc41ezp41gi80ly2,65298,Marketing,2020-01-13 03:06:58,True,4.575579346174386
0bqny32tuv8pq,83q2fqqnx59n,76,760bnmxe7ws3p7kno8g2vwx,80955,HR,2020-03-13 15:22:52,True,7.788176136015975
pbdu73fqyeetp,s4iqsdkvdqh7,51,jhl22wz5fhqlvn7sfr9oifb,60932,HR,2020-02-02 04:35:34,False,8.310650343078027
iebi9vvv726rg,4ku3jz0hhh7p,69,36apqrvv8409dey4n3l0x,71360,Engineering,2020-02-09 21:09:04,True,6.106210563492029
a6axddr05619f,mwl0v50b6z,41,3rnsvzg1e9rnwn5ev1lr94m,128128,Sales,2020-03-01 04:15:43,True,1.3653531377557253
p7wxmrmqorw37,e6t3hqacz4hh,25,9gw75ufp8tk5nx4qyiv8q,83155,Marketing,2020-01-26 03:23:20,True,6.831504268803122
dcgrgfvad2uzn,81dpmtetx9,59,im514hh7wjy6dg6b5eqll,64975,Engineering,2020-04-08 22:43:40,True,7.800567714252183
ilftx0haxgsv8,7sqeyrh0omp,19,8uubuokjrw4zbgx5zwn2y4,48524,Engineering,2020-02-01 06:50:45,True,3.4950896015296706
32vkt27a43rqn,tmtb8sfndv9,48,bwk28i53onqv3qph4l6lyr,73075,Engineering,2020-03-18 04:16:50,True,5.352530839398422
wyovcs78au2fa,0gc6bpyoxo4,31,c8e80up1y6q3dbi4y9exx24,93815,Sales,2020-04-02 14:11:34,True,9.66819442260685
a0upzp1a9jqwg,nfnqrtqp5i0,57,sw8ff3ah1y6nkb33dmgci,78879,Sales,2020-03-25 21:16:14,True,3.9182518892795417
go7dnnpg5sbjq,6jq9qrw7hmw,78,knshggccr619po2rs2f0g0,74200,Engineering,2020-04-01 13:52:20,False,3.272623094237881
lfv5tafsrf6ww,tvw8c76qs3,47,qkeblkj1gnmehaekjo2yfkq,85968,Engineering,2020-03-28 23:34:47,True,3.1666999832146168
zmgo0z6o90eb6,onbrf5u10b6p,68,pb9sukc7royo3qr4r8mn9re,85200,Marketing,2020-01-14 04:08:39,True,6.163459394247909
pwpn2z8ocw276,vmbn1gr99d3x,49,yl18acgi9wxjls5xvc0sim,92832,Engineering,2020-03-23 03:54:19,True,9.530911893569371
wgc54rgan5fjg,4xgzmhem2tn,49,92k7ddayzkwbs2dp0eowcr,93486,HR,2020-01-13 04:56:53,False,6.593141571907402
z739uq6jlp5o0,0yduroxh1up,75,zfq0tf8lcdddubpgs6iq06l,73351,Engineering,2020-02-29 11:32:49,False,3.9631031678662154
1qb9gmoywvz6k,p8qi82rlsvo,72,km4mz4vftujs8zghe91ch,72123,Marketing,2020-01-24 20:49:59,True,6.850486411766436
jyx6qxb5xidqq,bhvybiimf3,66,09pzdlqz4o72in9dxqmtq06,75544,Sales,2020-03-23 00:45:15,True,6.732255562439948
3kuur2xjqrtrq,ogkbjqgd894y,37,qvyc00lotvbdm5vy0qfph,89273,Engineering,2020-01-05 19:13:29,True,6.491813059844672
in24drtimo0o1,mrua9huu0s,52,6j7sncwkf7a8y2wrnqb4s,103038,Sales,2020-01-07 15:59:45,True,2.723760353403792
szzyzz1r5cb6s,8ehkpxuwhgb3,32,1hvxbsb15sp3vnabv6ovkd,67257,Sales,2020-02-12 17:52:45,True,6.816009904934896
q6lcz8h9g9pxa,w2t62owc2h,46,ugdl0qt4z48iehuppr1rnpu,71506,Marketing,2020-03-13 11:54:32,True,5.055551157716328
yjpph21fptpgn,2batuh08fsr,48,kkb5sec1zw3h92myv6gwf,55562,Marketing,2020-01-13 22:07:10,False,1.5107962555587078
zzng6ztcdzkbn,y0g249sfy4,69,o7n2p2wjdl7dt11fn8asamh,38830,Engineering,2020-02-06 04:31:03,True,5.999504799428281
3lz6mnx7zu19b,tj0mbu6x7i,73,8wztbz9y3rg0khkx33o8xh,45147,Engineering,2020-01-31 15:12:34,True,9.870938735417688
iwomwqbttclb9,3vkq9mgp6ak,44,tzxveo92o0h2s4ijj6ydewe,50893,Engineering,2020-04-04 11:09:11,True,4.3628749070903226
nps7fm9vrl3g5,t8zl310see0,20,al8nrjo6s7yph8uskkkvu,59186,Engineering,2020-01-11 23:19:15,True,9.666752610587078
sft0gekocewio,0ua1oqztym6,71,r36ubmb4jwv264njrkcbh4h,86810,Sales,2020-02-28 11:14:59,True,2.1792606314797593
c2fqzuhukhx8n,hefw3nwk4f,29,bvegt1mb5zcmuwgq13exg76,49233,HR,2020-03-14 22:37:06,True,7.659050816404313
njl7jqqc4aldm,mlb89q11vgo5,56,0nslcg8yosswku7g0wt0hcb,75958,Sales,2020-02-09 09:41:12,False,2.335359620683322
7uvdresblqj7f,xc3fbnr4mzlr,20,f9xlqvsil54qwj3szzktdl,96085,Marketing,2020-03-04 03:56:13,True,3.7068616353571886
hklibhk9juth9,ux7h6wmnnp,43,jvgxb5ughuhy1149yl4rz,55159,Marketing,2020-04-04 00:42:20,False,6.267156466955387
2lnuvu3txwgia,zza5our3mx,78,ik4b2ew9gmj9posu8on2er,63453,Marketing,2020-03-23 19:38:12,True,6.456109559820579
zvjfqxjhufux6,bsynfltw333,25,a00yunt1uwkbtxyvxol443t,43129,Engineering,2020-02-14 07:36:01,True,8.027340770776995
r15l0j5zykw7w,397pxnzhn4,44,8u1qlr1copv44akfwipsm5,52149,Marketing,2020-02-14 20:36:44,True,6.650168739164994
24g6ubr67t8rx,datnyycezdg,37,44sb57auc0g6i3rzt4hwy,109143,Marketing,2020-02-02 19:24:03,True,6.463301264770171
h3jwkbz96myds,3s866nj1n9p,73,arsfqhi09ffdv0biktnz398,87917,Engineering,2020-02-09 00:07:38,True,9.208503472271712
r3swpalx7hrez,16foc8nb2d,71,fcarw52w9fqr4f709yjlkcv,128275,Engineering,2020-01-23 23:34:46,True,5.2449989737730265
3ms2czlbk1rmv,lbq8jvuo8uu,33,txn1p5lpsel2eqh3jtppcw,57438,HR,2020-02-21 18:34:27,True,3.290817688593993
lbgzzxlpwi5om,5eiruh7jxx,24,19dxskrlnrl0fx6pl4mhct,112541,Marketing,2020-04-08 22:33:55,False,2.7441068382512745
ekjmog158o9uf,7k4rwvrtma,57,db9wshpr9xaa9krpqx7d8o,57639,Engineering,2020-03-19 00:59:54,True,4.795706849655453
adkzw2u0mwp3d,b1zwo90f88,39,4ijyenbr2thzd6vf61xdbm,63225,Sales,2020-02-09 21:06:09,True,7.489403102311614
p4ylz61ile18e,32ded9pynk2,59,k8jjhew75pd1nlupbw2ig2,141400,Sales,2020-01-07 18:38:04,True,1.7170830159805566
77mnkd6ghjooe,vnxz9p5f7h3,21,qiftjil657s6pwzi3mpb4,55032,Sales,2020-04-07 07:54:24,True,2.462167968860052
2sjld4rp9ywl7,g0yoyvrlwyj3,27,sknygo34xyh39n2097uk6,114461,Engineering,2020-02-20 08:49:18,True,2.2645929667732503
9cir87nd2o1pl,7m2imnihc65,60,lxksaqpzoh3n6grlb2ug0lt,74739,Engineering,2020-01-25 23:22:06,False,6.391259784903564
e7a5zq0x8zwvd,s7nszq1s0s6g,32,njw34jssw5td6amcl249b,49096,Marketing,2020-04-07 18:08:57,True,3.4423917206227403
idgwbx447xzpm,e3hlmzrtpc,70,v4n28i50jy6kigg7stye20,40414,Marketing,2020-02-02 02:38:44,True,2.7826129282146836
o0dp339cvvlud,0o7vwdwixup,23,odnqupzibo8xnfrvrb5qa,78105,Marketing,2020-02-07 15:27:49,True,6.456032267321209
44wtow1puoqms,yzio6aeif1z1,32,m934w1jy9zzmqdw8klioe,47953,Engineering,2020-02-06 11:48:08,True,7.907611987106766
3rn99tsgd7bej,f0dku3r8cl03,79,ki80mli1mtm0z22vixs4o52,68271,Marketing,2020-01-18 05:51:15,False,4.211423153579586
5mejj0uha1nu3,uor2uqrlkt,45,7i8fnisw1pzy8egwyavd1,28786,Engineering,2020-01-20 19:40:27,True,6.330578507524173
uiqe4s96mn629,acuwissw00,61,n6dk5daz6q0egyh7dl4k9va,84222,Sales,2020-03-23 16:16:28,True,2.195785598744032
j4fag0u1pwty1,9l076145t844,30,d9hy199dmyc5akbevmw488,37672,Marketing,2020-01-23 00:10:44,False,9.405200124589626
eurf2s6acu8cy,viiomvp5bzn,56,mge2hhgsw95d3ecv1vv72m,74050,Sales,2020-03-06 09:22:56,True,4.2522583414854065
t7uwfmwiqbssg,7h9u1ft46ghi,63,j1d5vttfi1m4nvxhofwy42w,41565,Engineering,2020-03-27 21:06:45,True,9.941898429473616
tiq0b9sqergq9,qq83fd8ifmv,38,im5aar94a9iv1zjcb465lc,105608,Engineering,2020-02-20 06:16:05,True,9.778963664989272
dye3ldx2idxne,9b9hiamo574,69,znlzph1go9hjor8bvo9eo0p,23746,Sales,2020-01-26 00:25:22,True,8.05845102784129
rslrq3xk8wqao,n2s0i1x19ry,55,9r8yv47wpformxma9r6fq,68581,Marketing,2020-04-02 05:13:16,False,1.5235003240247025
5io1x8v0sltau,dnzhxptogqvv,42,3thbdjt8j1o9av02ojtvi5,89252,HR,2020-02-09 09:41:09,True,6.031461695956636
aj5vr501r2rh4,lropeb1049a,52,s07j3uu7i7lutf9l4bpad,84331,Marketing,2020-01-29 04:32:42,False,2.0985653569021383
7g9riih8ren13,2ahp1vrvlsy,54,a8m4tg61t5i7nd2oqsi0o1d,44927,Marketing,2020-03-28 15:10:04,True,9.060235092578834
dty1lbnv4wtdo,e7jgoxzzzjq,29,7sd5lpna5udivl3359gqa,32830,Marketing,2020-01-13 04:44:18,True,8.151578599354108
xyag4lelrbjo3,nbm0igjivw,43,z0pg5y4pny3glc0sgp5hmk,94700,Marketing,2020-02-24 10:51:51,True,9.725156780549774
qdg47f7onf5cc,i0x2qtgg1stg,40,ft52dgt79g6o5v2yen8byp,72489,Engineering,2020-03-26 03:11:23,True,6.590495952747307
vvjcl2qgmbdjx,ymvqv7hrxbb,43,pk8we82ecfwbr3ekajz60l,49224,HR,2020-03-10 10:04:55,True,5.847992685683665
qfse5ji0msuxd,nl511ydz9caq,65,aa6vl9ut9z4anzglxsi8d5,95593,Sales,2020-04-05 19:18:52,False,5.820441060047352
x8cd84ymdnm0f,es78p0yznnny,48,f112ee1i2n7nr6719wqk5o,61715,HR,2020-02-26 07:49:16,True,4.679037124445906
q98qbmb1zvc8l,o5rnatjjx710,75,3jwx9eshgm0rxbpnqf8qfu8,59392,Engineering,2020-03-10 11:10:54,False,5.3873612199198035
xetmlmj6p8cez,6dgipe7wym,37,l20fugpeoudeg89o1begv45,54256,Marketing,2020-01-20 00:49:50,True,6.823294397970697
kgj7ch4kgbf5t,qm0t65h2sfuv,44,kasgyv0obhft0wqmdtyvq,56887,Marketing,2020-04-05 09:33:46,True,9.38587816703125
7pylgqkfw0fbv,jj2paq3zsuq,66,yeuzpu5dhiqmif0xik82hqg,56002,HR,2020-01-18 00:44:41,True,6.48284896992626
tyo2h6ver34jo,usgqafzb5e4,52,2xnk8q0cbdrtunhbzs12e1z,83581,Marketing,2020-02-07 17:41:19,True,8.73276179896579
rw6p871b3mpe1,3fooptm472ci,52,eoi5zod9t0uvg4qgs1j0mbv,113577,Sales,2020-01-05 22:45:31,False,8.781543938204736
tx030zgew17o5,kyvitujv2iek,22,tef8a8c9g2okrdxkfrocq67,41248,Sales,2020-03-29 08:36:51,True,5.819225116399853
z4si2dc2k6k06,aevzf5kj74,43,si40yggt9sb7qxia1ouowb,67156,Engineering,2020-03-31 19:18:34,False,4.343324484873987
u4b09kra8841a,pcbeky88vvk5,35,9ibbrqh77e21pnbd4z074k,71498,Engineering,2020-03-17 01:07:00,False,6.859134396092757
ytcbrjeib74jl,4ht7drdtipzy,79,7m0hukvu1cgnoigls0rmau7,86925,Engineering,2020-01-04 13:47:00,True,5.190881764325514
9ufcjezuzzheo,snuocpnign,38,waw15hznx2drn0c39wrjl,99778,Engineering,2020-01-04 14:40:58,True,2.05209500648742
papc4mpub0zyk,uoh7a5e3vtp,72,h5qnizxw4brp2kbnd7igq,71613,Sales,2020-02-14 00:03:43,True,4.604629536874985
hh6guhuth42io,gbn4neke2ke5,60,wkvr1pd9vkupi87imfd1k7,59890,Marketing,2020-02-18 19:44:32,True,9.912326204662392
3zj2p9tvgw2p1,sv7qlyqj1rr5,39,8eklsmdnbhvmuu162vzkk,89710,HR,2020-03-05 21:37:02,True,1.7684870038144902
4n6i0xmz211hw,prpqgl7jeuc,52,7sn2suxzls3ocmimpnhs5,35276,Engineering,2020-03-15 06:11:54,True,7.350860350869399
2eg90byi0awjy,8fndr28ptx8s,69,wurnpx5kkdze96n5gjbj8uh,22910,Engineering,2020-01-22 15:51:45,True,8.595585075881441
cffbrwblvtxta,bm373x6jrs,72,ri3d8nnt2wu45gmwhl9pz2,139093,Engineering,2020-03-16 05:08:56,True,6.937958204969753
aqa3ckxvzmaxj,sxowddewkkmn,29,f64r4pnd3693nw1gjdmu6,55699,Engineering,2020-03-13 11:01:58,True,6.257746180926419
8x19ppqopo7ka,rrjgnopb33,39,5ezzcx77t3trtfycsjevi6o,65371,Engineering,2020-01-07 06:22:25,True,7.444631307254497
ozde8mjkr7wgc,4mt8w689tch,39,9fovc224b8ivsjuqcg9cm3,88870,Sales,2020-03-17 10:15:00,True,5.048473960413431
lgz6obg5dt951,52gbuf195ikw,22,g32hj6t22ua75n8xafda49i,84039,Sales,2020-01-31 12:11:12,False,2.1375406122710805
ma839ypsaevx9,kbck8ok4115,55,w42uczftmwo4dkbp4d1py,97248,Sales,2020-04-01 05:47:53,True,9.639299897865579
9d9rprvbu92zu,t1yks1aej7,70,me3aenk72roy3b0o5tn0cc,98534,Sales,2020-02-21 12:12:23,True,5.073950646932965
qp4i4nbn68tbs,rmetbk3551j,42,yraeb3q2diulld1i5m7sn,40126,Engineering,2020-04-08 10:21:12,True,7.081474715479071
rpdl2gnl8eq5j,qvsqx9591n9,63,01zjxqpqauve9ui0lr8o3,106673,Marketing,2020-03-22 05:44:08,True,5.926692490972667
qei699ri2nyof,iul34d40yef,57,693zu4qq7x6dib8oc4wlh,88057,Marketing,2020-03-02 00:30:27,False,1.821551667878663
2o2drpkncrtym,0hio9g5hos,42,uu5qxhrkjzfqw1plux1u6,84801,Engineering,2020-02-21 01:09:29,True,9.556401214938786
dn61h7ee4i56c,fs1qs4kojwcc,27,s1oa1851ixdcvyv7t90525,85893,Engineering,2020-01-26 14:01:38,False,8.176563851208991
3l2cz3izbcdym,yt2voju25jm,62,0iwgqg3mr4vnr8qs49o2p6y,20743,Engineering,2020-01-24 07:22:28,True,2.6348055628947114
